year,post_code,sex,LE,HALE,LE-HALE,eng_province,type
2562,10,male,76.49710005,70.3086521,6.188447959,Bangkok,0
2562,10,female,83.09505743,72.92322849,10.17182894,Bangkok,0
2562,11,male,73.96518982,68.22835066,5.736839167,Samut Prakan,0
2562,11,female,80.95940335,71.65822005,9.301183309,Samut Prakan,0
2562,12,male,76.90785719,70.32879009,6.5790671,Nonthaburi,0
2562,12,female,81.48623128,72.23374631,9.252484972,Nonthaburi,0
2562,13,male,73.39697705,67.64803385,5.748943193,Pathum Thani,0
2562,13,female,80.22093134,71.43212409,8.788807247,Pathum Thani,0
2562,14,male,71.57673949,66.06798058,5.508758917,Ayutthaya,0
2562,14,female,79.13556049,70.61270514,8.522855345,Ayutthaya,0
2562,15,male,70.18021817,64.94910575,5.231112418,Ang Thong,0
2562,15,female,78.45706887,70.20494208,8.252126794,Ang Thong,0
2562,16,male,70.6350949,65.13862146,5.49647344,Lopburi,0
2562,16,female,78.26791322,69.90732343,8.360589797,Lopburi,0
2562,17,male,70.69622958,65.35427982,5.341949766,SingBuri,0
2562,17,female,78.86301041,70.48524012,8.377770295,SingBuri,0
2562,19,male,70.04554095,64.80738047,5.238160483,Saraburi,0
2562,19,female,78.28502498,70.02172452,8.26330046,Saraburi,0
2562,20,male,73.25499216,67.41837211,5.836620043,Chonburi,0
2562,20,female,80.10971018,71.22015894,8.889551246,Chonburi,0
2562,21,male,71.69060129,66.18077903,5.50982226,Rayong,0
2562,21,female,79.61230342,70.97950138,8.632802041,Rayong,0
2562,22,male,71.67766394,66.0530769,5.624587038,Chanthaburi,0
2562,22,female,79.98450805,71.16540434,8.819103705,Chanthaburi,0
2562,23,male,72.03249313,66.31542141,5.71707172,Trat,0
2562,23,female,79.94363647,71.08831812,8.85531835,Trat,0
2562,24,male,71.81026301,66.24139952,5.568863486,Chachoengsao,0
2562,24,female,79.57798585,70.83161647,8.74636938,Chachoengsao,0
2562,25,male,70.53219708,65.12493654,5.407260539,Prachinburi,0
2562,25,female,79.17190279,70.60019269,8.571710101,Prachinburi,0
2562,26,male,70.83387224,65.45551922,5.378353015,Nakhon Nayok,0
2562,26,female,79.09108434,70.60763467,8.483449676,Nakhon Nayok,0
2562,27,male,70.62146808,65.06629617,5.555171909,Sa Kaeo,0
2562,27,female,78.51907423,70.07599656,8.443077671,Sa Kaeo,0
2562,70,male,71.5143603,66.06014622,5.454214081,Ratchaburi,0
2562,70,female,79.39272836,70.80196478,8.59076358,Ratchaburi,0
2562,71,male,72.42736512,66.60672276,5.820642368,Kanchanaburi,0
2562,71,female,79.64857956,70.8595021,8.789077458,Kanchanaburi,0
2562,72,male,71.32607022,65.84443761,5.481632611,Suphan Buri,0
2562,72,female,78.81958989,70.36401852,8.455571374,Suphan Buri,0
2562,73,male,72.23770687,66.69988001,5.537826859,Nakhon Pathom,0
2562,73,female,80.0084528,71.21529533,8.793157476,Nakhon Pathom,0
2562,74,male,73.7518966,67.92172422,5.830172382,Samut Sakhon,0
2562,74,female,80.8178411,71.67820972,9.139631377,Samut Sakhon,0
2562,75,male,72.11168697,66.59569771,5.515989261,Samut Songkhram,0
2562,75,female,80.33317451,71.51895091,8.814223601,Samut Songkhram,0
2562,76,male,72.61824836,66.93203065,5.686217706,Phetchaburi,0
2562,76,female,79.72832515,71.03514474,8.693180413,Phetchaburi,0
2562,77,male,73.56002294,67.51336143,6.046661504,Prachuap Khiri Khan,0
2562,77,female,80.93984621,71.7129508,9.226895405,Prachuap Khiri Khan,0
2562,30,male,71.82208669,65.67306862,6.149018066,Nakhon Ratchasima,0
2562,30,female,79.57034915,70.56477554,9.005573616,Nakhon Ratchasima,0
2562,31,male,71.7987383,65.40980057,6.388937731,Buriram,0
2562,31,female,79.56508867,70.43516092,9.129927752,Buriram,0
2562,32,male,71.7243061,65.25306819,6.471237911,Surin,0
2562,32,female,79.00230584,69.98741874,9.014887092,Surin,0
2562,33,male,71.45901319,64.98683405,6.472179135,Sisaket,0
2562,33,female,78.65577783,69.6963712,8.959406632,Sisaket,0
2562,34,male,72.42862632,65.82035713,6.608269186,Ubon Ratchathani,0
2562,34,female,79.00957496,69.93737338,9.072201582,Ubon Ratchathani,0
2562,35,male,69.63839437,63.59312832,6.045266052,Yasothon,0
2562,35,female,77.11968391,68.64970847,8.469975447,Yasothon,0
2562,36,male,70.5255955,64.51039079,6.015204709,Chaiyaphum,0
2562,36,female,78.30982215,69.58649025,8.723331905,Chaiyaphum,0
2562,37,male,71.14762329,64.75052911,6.397094176,Amnat Charoen,0
2562,37,female,78.66048442,69.70952734,8.950957077,Amnat Charoen,0
2562,38,male,70.83683677,64.55292215,6.283914621,Bueng Kan,0
2562,38,female,78.13060548,69.34496194,8.785643535,Bueng Kan,0
2562,39,male,70.63498056,64.38452461,6.25045595,Nong Bua Lamphu,0
2562,39,female,78.22388059,69.4181657,8.805714895,Nong Bua Lamphu,0
2562,40,male,70.55013373,64.3801751,6.16995863,Khon Kaen,0
2562,40,female,78.32745138,69.52950135,8.797950033,Khon Kaen,0
2562,41,male,70.83254371,64.51955033,6.312993373,Udon Thani,0
2562,41,female,78.20667642,69.39639761,8.810278801,Udon Thani,0
2562,42,male,71.58092079,65.25136033,6.329560462,Loei,0
2562,42,female,78.40777437,69.58463544,8.823138935,Loei,0
2562,43,male,71.61510555,65.08921376,6.525891792,Nong Khai,0
2562,43,female,78.43430555,69.4804776,8.953827956,Nong Khai,0
2562,44,male,70.30060734,64.16332087,6.13728646,Maha Sarakham,0
2562,44,female,77.66552494,69.08708987,8.578435074,Maha Sarakham,0
2562,45,male,70.29691346,64.14377766,6.1531358,Roi Et,0
2562,45,female,78.00684811,69.28716413,8.719683973,Roi Et,0
2562,46,male,69.06658664,63.17698443,5.889602215,Kalasin,0
2562,46,female,77.42533428,68.86314911,8.562185174,Kalasin,0
2562,47,male,70.45316187,64.23108164,6.222080236,Sakon Nakhon,0
2562,47,female,77.56914868,68.90748757,8.661661115,Sakon Nakhon,0
2562,48,male,70.18376497,64.07122811,6.112536862,Nakhon Phanom,0
2562,48,female,77.32913898,68.77878082,8.550358158,Nakhon Phanom,0
2562,49,male,71.15991581,64.7523278,6.407588008,Mukdahan,0
2562,49,female,78.3159965,69.41993984,8.896056655,Mukdahan,0
2562,18,male,70.1146801,64.66087458,5.453805524,Chai Nat,0
2562,18,female,78.17093143,69.70799268,8.462938752,Chai Nat,0
2562,50,male,71.0710342,65.24387065,5.827163551,Chiang Mai,0
2562,50,female,79.27946912,70.34138568,8.93808344,Chiang Mai,0
2562,51,male,69.54530535,64.08332477,5.461980586,Lamphun,0
2562,51,female,78.05859099,69.52731868,8.531272311,Lamphun,0
2562,52,male,70.26144121,64.63022916,5.631212055,Lampang,0
2562,52,female,78.28241289,69.69699325,8.585419646,Lampang,0
2562,53,male,70.30952409,64.64315802,5.666366073,Uttaradit,0
2562,53,female,78.10762291,69.50811621,8.599506707,Uttaradit,0
2562,54,male,68.8647116,63.57289104,5.291820561,Phrae,0
2562,54,female,77.35052915,69.01892047,8.33160868,Phrae,0
2562,55,male,72.29306431,66.2577785,6.035285803,Nan,0
2562,55,female,78.91680242,70.14139034,8.775412081,Nan,0
2562,56,male,70.4722326,64.84753862,5.624693984,Phayao,0
2562,56,female,77.32224516,69.00671427,8.315530897,Phayao,0
2562,57,male,71.36349746,65.47788823,5.885609224,Chiang Rai,0
2562,57,female,78.7888667,70.01791955,8.77094715,Chiang Rai,0
2562,58,male,72.92577634,66.51323096,6.412545384,Mae Hong Son,0
2562,58,female,80.62323975,71.06509661,9.558143144,Mae Hong Son,0
2562,60,male,71.75646607,65.82933415,5.927131919,Nakhon Sawan,0
2562,60,female,79.200497,70.3043358,8.896161199,Nakhon Sawan,0
2562,61,male,71.10823421,65.38930501,5.718929199,Uthai Thani,0
2562,61,female,78.77559453,70.05992247,8.715672062,Uthai Thani,0
2562,62,male,71.13667745,65.29323628,5.843441171,Kamphaeng Phet,0
2562,62,female,78.3407607,69.65523576,8.685524939,Kamphaeng Phet,0
2562,63,male,71.69739612,65.66340796,6.033988162,Tak,0
2562,63,female,78.64579631,69.81123061,8.834565703,Tak,0
2562,64,male,70.82078475,65.10861747,5.712167272,Sukhothai,0
2562,64,female,78.37939011,69.71594983,8.663440275,Sukhothai,0
2562,65,male,71.84301081,65.7920243,6.050986512,Phitsanulok,0
2562,65,female,79.39779964,70.36956759,9.028232052,Phitsanulok,0
2562,66,male,70.89063222,65.14201443,5.748617787,Phichit,0
2562,66,female,78.42972759,69.75293647,8.676791121,Phichit,0
2562,67,male,69.98332819,64.28544028,5.697887912,Phetchabun,0
2562,67,female,78.48337346,69.73573305,8.74764041,Phetchabun,0
2562,80,male,73.55537546,67.19547759,6.359897875,Nakhon Si Thammarat,0
2562,80,female,81.80988762,72.05825533,9.751632287,Nakhon Si Thammarat,0
2562,81,male,72.53658406,66.40383989,6.132744167,Krabi,0
2562,81,female,80.06264943,70.85013919,9.212510241,Krabi,0
2562,82,male,72.94059083,66.69402573,6.246565108,Phang Nga,0
2562,82,female,79.88751046,70.69972156,9.187788901,Phang Nga,0
2562,83,male,73.54399306,67.16710456,6.376888495,Phuket,0
2562,83,female,80.91788677,71.49543974,9.422447025,Phuket,0
2562,84,male,73.92629949,67.47528585,6.451013647,Surat Thani,0
2562,84,female,81.55649413,71.86675011,9.689744018,Surat Thani,0
2562,85,male,73.41650648,67.0775672,6.338939279,Ranong,0
2562,85,female,80.74048064,71.30209443,9.438386208,Ranong,0
2562,86,male,73.08437361,66.87678314,6.207590473,Chumphon,0
2562,86,female,81.2829219,71.76162696,9.52129494,Chumphon,0
2562,90,male,72.94005613,66.69963974,6.240416392,Songkhla,0
2562,90,female,80.83761135,71.39689188,9.440719472,Songkhla,0
2562,91,male,72.85873536,66.70546336,6.153272003,Satun,0
2562,91,female,79.50300737,70.48578918,9.017218194,Satun,0
2562,92,male,73.15369511,66.88753954,6.266155576,Trang,0
2562,92,female,81.40342212,71.78537001,9.618052112,Trang,0
2562,93,male,73.4064743,67.05189531,6.35457899,Phatthalung,0
2562,93,female,81.8889685,72.12673356,9.762234941,Phatthalung,0
2562,94,male,70.88700058,64.92989929,5.957101287,Pattani,0
2562,94,female,78.85599196,69.75380907,9.102182888,Pattani,0
2562,95,male,72.63750726,66.33860056,6.298906697,Yala,0
2562,95,female,80.14268181,70.71266932,9.430012489,Yala,0
2562,96,male,71.22950843,65.19261138,6.036897049,Narathiwat,0
2562,96,female,78.49968361,69.51521096,8.984472646,Narathiwat,0
2562,10,male,23.24266019,18.47429302,4.768367165,Bangkok,60
2562,10,female,26.76429783,19.18092148,7.583376354,Bangkok,60
2562,11,male,21.37147677,17.0450388,4.326437976,Samut Prakan,60
2562,11,female,24.88099981,17.93592803,6.945071775,Samut Prakan,60
2562,12,male,24.44426497,19.28436192,5.159903051,Nonthaburi,60
2562,12,female,25.3749335,18.22654383,7.148389674,Nonthaburi,60
2562,13,male,20.76240971,16.55311365,4.20929606,Pathum Thani,60
2562,13,female,24.18883125,17.46368488,6.725146362,Pathum Thani,60
2562,14,male,20.49165027,16.31924244,4.172407826,Ayutthaya,60
2562,14,female,23.78489904,17.1944002,6.590498843,Ayutthaya,60
2562,15,male,19.51938263,15.59991959,3.919463042,Ang Thong,60
2562,15,female,23.18635774,16.81492776,6.371429978,Ang Thong,60
2562,16,male,20.50107919,16.25276507,4.248314114,Lopburi,60
2562,16,female,23.32822752,16.89928597,6.428941556,Lopburi,60
2562,17,male,19.77257499,15.78006897,3.992506015,SingBuri,60
2562,17,female,23.470869,17.0196487,6.451220299,SingBuri,60
2562,19,male,19.49170778,15.54296285,3.948744929,Saraburi,60
2562,19,female,23.20677149,16.82452634,6.382245153,Saraburi,60
2562,20,male,21.43377142,17.00372772,4.430043701,Chonburi,60
2562,20,female,24.66960129,17.75096116,6.918640127,Chonburi,60
2562,21,male,20.2355457,16.13259417,4.102951529,Rayong,60
2562,21,female,24.13711198,17.41453233,6.72257965,Rayong,60
2562,22,male,20.90732756,16.60662654,4.300701018,Chanthaburi,60
2562,22,female,24.61398929,17.71941646,6.894572836,Chanthaburi,60
2562,23,male,21.12197844,16.7458385,4.376139935,Trat,60
2562,23,female,24.75445765,17.8008639,6.953593757,Trat,60
2562,24,male,20.38368902,16.21314653,4.17054249,Chachoengsao,60
2562,24,female,24.33307514,17.54277861,6.790296523,Chachoengsao,60
2562,25,male,20.32429317,16.14479187,4.179501298,Prachinburi,60
2562,25,female,23.98019704,17.31602136,6.664175686,Prachinburi,60
2562,26,male,20.10525422,16.0270711,4.078183116,Nakhon Nayok,60
2562,26,female,23.71606805,17.14438965,6.5716784,Nakhon Nayok,60
2562,27,male,20.72322504,16.39034836,4.332876674,Sa Kaeo,60
2562,27,female,23.58524153,17.037245,6.547996526,Sa Kaeo,60
2562,70,male,20.04998706,16.00719863,4.042788431,Ratchaburi,60
2562,70,female,23.98377476,17.33393056,6.6498442,Ratchaburi,60
2562,71,male,21.20885005,16.78139366,4.427456388,Kanchanaburi,60
2562,71,female,24.26065155,17.53176705,6.728884502,Kanchanaburi,60
2562,72,male,20.03447369,15.95866164,4.075812048,Suphan Buri,60
2562,72,female,23.48552105,17.02538708,6.460133968,Suphan Buri,60
2562,73,male,20.40756818,16.28824846,4.119319722,Nakhon Pathom,60
2562,73,female,24.24052307,17.50150524,6.739017831,Nakhon Pathom,60
2562,74,male,21.65090124,17.2355149,4.415386339,Samut Sakhon,60
2562,74,female,25.09647333,18.04762532,7.048848018,Samut Sakhon,60
2562,75,male,20.22447052,16.16212948,4.062341039,Samut Songkhram,60
2562,75,female,24.65485728,17.75095519,6.903902097,Samut Songkhram,60
2562,76,male,20.90014825,16.65007937,4.250068887,Phetchaburi,60
2562,76,female,24.25607839,17.52591198,6.730166415,Phetchaburi,60
2562,77,male,22.16674026,17.5619581,4.604782159,Prachuap Khiri Khan,60
2562,77,female,25.50530989,18.32183236,7.183477535,Prachuap Khiri Khan,60
2562,30,male,20.7941303,16.11661866,4.677511645,Nakhon Ratchasima,60
2562,30,female,23.94295084,17.31306258,6.629888253,Nakhon Ratchasima,60
2562,31,male,20.9457873,16.05645647,4.889330834,Buriram,60
2562,31,female,23.84396715,17.2337768,6.610190346,Buriram,60
2562,32,male,20.87699704,15.91569402,4.961303022,Surin,60
2562,32,female,23.31978551,16.89880477,6.420980742,Surin,60
2562,33,male,20.51321651,15.61156946,4.901647045,Sisaket,60
2562,33,female,23.03276451,16.69941339,6.333351117,Sisaket,60
2562,34,male,20.45904878,15.58847099,4.870577795,Ubon Ratchathani,60
2562,34,female,23.2638028,16.85670127,6.407101529,Ubon Ratchathani,60
2562,35,male,18.88251763,14.43312443,4.449393198,Yasothon,60
2562,35,female,21.36312209,15.6174243,5.745697794,Yasothon,60
2562,36,male,19.7574267,15.2580516,4.4993751,Chaiyaphum,60
2562,36,female,22.61068651,16.4691828,6.141503714,Chaiyaphum,60
2562,37,male,19.74611745,15.01614567,4.729971784,Amnat Charoen,60
2562,37,female,22.68916005,16.48278026,6.206379792,Amnat Charoen,60
2562,38,male,19.37740612,14.7947314,4.582674716,Bueng Kan,60
2562,38,female,22.2876912,16.21951881,6.068172391,Bueng Kan,60
2562,39,male,19.45080846,14.85739965,4.593408805,Nong Bua Lamphu,60
2562,39,female,22.33689694,16.25216019,6.084736754,Nong Bua Lamphu,60
2562,40,male,19.78533434,15.14697767,4.638356669,Khon Kaen,60
2562,40,female,22.48246261,16.36645015,6.116012465,Khon Kaen,60
2562,41,male,19.85760316,15.12743151,4.730171655,Udon Thani,60
2562,41,female,22.37781662,16.28177741,6.096039215,Udon Thani,60
2562,42,male,20.18238638,15.49609364,4.686292739,Loei,60
2562,42,female,22.64313018,16.49213663,6.15099354,Loei,60
2562,43,male,20.43251715,15.49609247,4.936424683,Nong Khai,60
2562,43,female,22.95891164,16.63510449,6.323807144,Nong Khai,60
2562,44,male,19.28125223,14.74184825,4.539403979,Maha Sarakham,60
2562,44,female,21.6755035,15.82860403,5.846899469,Maha Sarakham,60
2562,45,male,19.21727569,14.68536768,4.531908005,Roi Et,60
2562,45,female,22.06788723,16.08747798,5.980409256,Roi Et,60
2562,46,male,18.55814338,14.22084233,4.337301053,Kalasin,60
2562,46,female,21.64240297,15.79135185,5.851051129,Kalasin,60
2562,47,male,19.2071442,14.6476243,4.559519902,Sakon Nakhon,60
2562,47,female,22.01157962,16.02349845,5.988081176,Sakon Nakhon,60
2562,48,male,18.78303112,14.35884827,4.42418285,Nakhon Phanom,60
2562,48,female,21.72807805,15.84480317,5.883274882,Nakhon Phanom,60
2562,49,male,19.63273449,14.94063494,4.692099553,Mukdahan,60
2562,49,female,22.6453317,16.43668843,6.208643267,Mukdahan,60
2562,18,male,19.38703704,15.36301775,4.024019286,Chai Nat,60
2562,18,female,22.72827164,16.64354814,6.084723501,Chai Nat,60
2562,50,male,20.08105482,15.76433368,4.316721133,Chiang Mai,60
2562,50,female,23.32276308,17.08043059,6.242332494,Chiang Mai,60
2562,51,male,18.95061609,14.9918906,3.958725492,Lamphun,60
2562,51,female,22.17259883,16.34451107,5.828087763,Lamphun,60
2562,52,male,19.39101665,15.29655939,4.09445726,Lampang,60
2562,52,female,22.27272775,16.40520845,5.867519294,Lampang,60
2562,53,male,19.3536197,15.22523383,4.128385864,Uttaradit,60
2562,53,female,22.50234273,16.54184695,5.960495773,Uttaradit,60
2562,54,male,18.15248722,14.40827684,3.74421038,Phrae,60
2562,54,female,21.65856069,16.00157322,5.656987466,Phrae,60
2562,55,male,20.18613122,15.85611425,4.33001697,Nan,60
2562,55,female,22.65579133,16.66426479,5.991526546,Nan,60
2562,56,male,19.16826521,15.14468669,4.023578518,Phayao,60
2562,56,female,21.52115369,15.9117221,5.609431593,Phayao,60
2562,57,male,20.07679206,15.75712009,4.319671971,Chiang Rai,60
2562,57,female,22.79523079,16.74158562,6.053645162,Chiang Rai,60
2562,58,male,22.0641385,17.13288467,4.931253835,Mae Hong Son,60
2562,58,female,25.35597065,18.35551503,7.00045562,Mae Hong Son,60
2562,60,male,20.86604181,16.3576651,4.508376705,Nakhon Sawan,60
2562,60,female,24.01296614,17.46533158,6.547634561,Nakhon Sawan,60
2562,61,male,20.28121344,15.99304014,4.288173306,Uthai Thani,60
2562,61,female,23.51247672,17.16609243,6.346384285,Uthai Thani,60
2562,62,male,20.29253516,15.92092015,4.371615009,Kamphaeng Phet,60
2562,62,female,23.0779567,16.88440601,6.193550688,Kamphaeng Phet,60
2562,63,male,20.99280382,16.40592533,4.586878494,Tak,60
2562,63,female,23.49938687,17.14533726,6.354049612,Tak,60
2562,64,male,19.55190481,15.4088453,4.143059506,Sukhothai,60
2562,64,female,22.76102538,16.71837289,6.04265249,Sukhothai,60
2562,65,male,20.64517914,16.11741039,4.527768751,Phitsanulok,60
2562,65,female,23.76185023,17.34477311,6.417077125,Phitsanulok,60
2562,66,male,19.88782311,15.63548739,4.252335716,Phichit,60
2562,66,female,22.91596695,16.80157999,6.114386958,Phichit,60
2562,67,male,19.89041242,15.54801279,4.342399632,Phetchabun,60
2562,67,female,23.26813438,16.94793805,6.320196336,Phetchabun,60
2562,80,male,21.36785872,17.15915598,4.208702736,Nakhon Si Thammarat,60
2562,80,female,26.0826123,19.0944826,6.988129705,Nakhon Si Thammarat,60
2562,81,male,20.27660549,16.35843381,3.918171677,Krabi,60
2562,81,female,24.62618105,18.16281442,6.463366631,Krabi,60
2562,82,male,21.03069681,16.92211976,4.108577052,Phang Nga,60
2562,82,female,24.58711753,18.11325982,6.473857711,Phang Nga,60
2562,83,male,21.14741367,17.00495017,4.142463498,Phuket,60
2562,83,female,24.87995244,18.33818174,6.541770702,Phuket,60
2562,84,male,21.75393689,17.42823745,4.325699431,Surat Thani,60
2562,84,female,25.88239822,18.93693839,6.945459831,Surat Thani,60
2562,85,male,21.42002481,17.17816952,4.241855294,Ranong,60
2562,85,female,25.22986008,18.49228563,6.737574446,Ranong,60
2562,86,male,21.08193794,16.91914967,4.162788272,Chumphon,60
2562,86,female,25.48357512,18.65713987,6.826435252,Chumphon,60
2562,90,male,20.93263523,16.84795495,4.084680278,Songkhla,60
2562,90,female,25.11563703,18.48261404,6.633022982,Songkhla,60
2562,91,male,20.16515435,16.29982556,3.865328789,Satun,60
2562,91,female,23.87892263,17.67174583,6.207176804,Satun,60
2562,92,male,20.92773439,16.85498213,4.072752261,Trang,60
2562,92,female,25.62807888,18.80853267,6.819546206,Trang,60
2562,93,male,21.55072331,17.32882991,4.2218934,Phatthalung,60
2562,93,female,26.02849262,19.09232007,6.936172555,Phatthalung,60
2562,94,male,20.17018,16.22656767,3.943612327,Pattani,60
2562,94,female,24.5786258,18.0347056,6.543920193,Pattani,60
2562,95,male,21.23401437,17.00552332,4.228491045,Yala,60
2562,95,female,25.21498531,18.45563432,6.759350996,Yala,60
2562,96,male,20.45360562,16.42230494,4.031300685,Narathiwat,60
2562,96,female,24.19493965,17.77737353,6.417566124,Narathiwat,60
2563,10,male,76.8934232,70.36796528,6.525457924,Bangkok,0
2563,10,female,83.45000023,73.85662685,9.593373379,Bangkok,0
2563,11,male,74.37517397,68.36428015,6.010893819,Samut Prakan,0
2563,11,female,81.0663649,72.29961142,8.766753476,Samut Prakan,0
2563,12,male,77.13300095,70.31819733,6.814803618,Nonthaburi,0
2563,12,female,81.92300158,72.99872737,8.924274207,Nonthaburi,0
2563,13,male,73.87960382,67.98788276,5.891721056,Pathum Thani,0
2563,13,female,81.42081176,72.64906662,8.771745135,Pathum Thani,0
2563,14,male,71.75374129,66.14431128,5.609430013,Ayutthaya,0
2563,14,female,79.88307795,71.50241025,8.380667692,Ayutthaya,0
2563,15,male,71.13305138,65.63949403,5.493557357,Ang Thong,0
2563,15,female,79.37928267,71.22626172,8.153020942,Ang Thong,0
2563,16,male,71.08238403,65.42870835,5.653675684,Lopburi,0
2563,16,female,79.14290405,70.8889676,8.253936449,Lopburi,0
2563,17,male,71.22643976,65.72126789,5.505171866,SingBuri,0
2563,17,female,79.42826708,71.22933669,8.198930391,SingBuri,0
2563,19,male,70.46965608,65.08858693,5.381069148,Saraburi,0
2563,19,female,79.21944254,71.10417142,8.115271121,Saraburi,0
2563,20,male,74.17942668,68.05072924,6.128697434,Chonburi,0
2563,20,female,81.09768425,72.28985337,8.807830886,Chonburi,0
2563,21,male,72.25419441,66.56493046,5.68926395,Rayong,0
2563,21,female,80.36534589,71.84542492,8.519920966,Rayong,0
2563,22,male,71.95160262,66.27245134,5.679151276,Chanthaburi,0
2563,22,female,80.74999255,72.10043969,8.649552857,Chanthaburi,0
2563,23,male,73.51750982,67.45539462,6.062115208,Trat,0
2563,23,female,81.19040589,72.33916271,8.851243184,Trat,0
2563,24,male,72.55908927,66.78049928,5.77858999,Chachoengsao,0
2563,24,female,80.25253754,71.72441055,8.528126986,Chachoengsao,0
2563,25,male,71.51484843,65.94617023,5.568678203,Prachinburi,0
2563,25,female,79.89655552,71.45769847,8.43885705,Prachinburi,0
2563,26,male,71.91514076,66.2908858,5.624254957,Nakhon Nayok,0
2563,26,female,80.55224591,71.95438385,8.597862063,Nakhon Nayok,0
2563,27,male,70.65253404,65.17866935,5.473864688,Sa Kaeo,0
2563,27,female,79.1295343,70.893332,8.236202299,Sa Kaeo,0
2563,70,male,72.21633932,66.55346823,5.662871089,Ratchaburi,0
2563,70,female,80.1478456,71.73404978,8.413795816,Ratchaburi,0
2563,71,male,72.98702771,66.94916304,6.037864673,Kanchanaburi,0
2563,71,female,80.00593342,71.44880237,8.557131044,Kanchanaburi,0
2563,72,male,71.69115175,65.99894315,5.692208602,Suphan Buri,0
2563,72,female,79.17819692,70.958212,8.219984924,Suphan Buri,0
2563,73,male,72.843528,67.08873005,5.754797948,Nakhon Pathom,0
2563,73,female,80.8165605,72.21305311,8.603507388,Nakhon Pathom,0
2563,74,male,74.09650192,68.04886059,6.047641335,Samut Sakhon,0
2563,74,female,81.55235735,72.67037042,8.881986929,Samut Sakhon,0
2563,75,male,72.22426391,66.58979146,5.634472448,Samut Songkhram,0
2563,75,female,80.61411516,72.05469155,8.559423617,Samut Songkhram,0
2563,76,male,72.62892001,66.87769878,5.751221233,Phetchaburi,0
2563,76,female,80.38497523,71.91162525,8.47334998,Phetchaburi,0
2563,77,male,73.90463586,67.73787718,6.166758674,Prachuap Khiri Khan,0
2563,77,female,81.16511907,72.30398051,8.86113856,Prachuap Khiri Khan,0
2563,30,male,72.06336208,66.12274743,5.940614645,Nakhon Ratchasima,0
2563,30,female,79.98942098,71.07555155,8.913869426,Nakhon Ratchasima,0
2563,31,male,71.9129527,65.96962196,5.943330743,Buriram,0
2563,31,female,79.76570927,70.709458,9.056251264,Buriram,0
2563,32,male,71.76517755,65.80563798,5.959539572,Surin,0
2563,32,female,79.36243559,70.31538713,9.047048467,Surin,0
2563,33,male,71.2917115,65.3927749,5.898936596,Sisaket,0
2563,33,female,79.05173749,70.04494901,9.006788486,Sisaket,0
2563,34,male,72.13533775,66.14002734,5.995310417,Ubon Ratchathani,0
2563,34,female,79.13896936,70.1275221,9.011447264,Ubon Ratchathani,0
2563,35,male,70.3656558,64.80822262,5.557433179,Yasothon,0
2563,35,female,77.90288176,69.26692862,8.635953139,Yasothon,0
2563,36,male,70.67237898,64.91418477,5.758194214,Chaiyaphum,0
2563,36,female,78.51242276,69.86399981,8.648422948,Chaiyaphum,0
2563,37,male,71.21987576,65.42158617,5.798289584,Amnat Charoen,0
2563,37,female,78.8845012,69.86647544,9.018025758,Amnat Charoen,0
2563,38,male,70.71409966,64.99365295,5.720446713,Bueng Kan,0
2563,38,female,78.18191994,69.4032146,8.778705344,Bueng Kan,0
2563,39,male,71.30207067,65.4479386,5.854132071,Nong Bua Lamphu,0
2563,39,female,78.75790909,69.85815541,8.899753676,Nong Bua Lamphu,0
2563,40,male,70.85281103,65.06616822,5.786642819,Khon Kaen,0
2563,40,female,79.1257826,70.1914157,8.934366896,Khon Kaen,0
2563,41,male,71.13668631,65.2980865,5.838599809,Udon Thani,0
2563,41,female,78.67498073,69.81679507,8.858185662,Udon Thani,0
2563,42,male,71.37511049,65.42290278,5.952207712,Loei,0
2563,42,female,78.59108312,69.82070152,8.770381592,Loei,0
2563,43,male,71.95759189,65.87883168,6.078760212,Nong Khai,0
2563,43,female,79.59854609,70.36451326,9.23403282,Nong Khai,0
2563,44,male,70.57869787,64.90406817,5.674629697,Maha Sarakham,0
2563,44,female,78.06921065,69.3813576,8.687853046,Maha Sarakham,0
2563,45,male,70.61592236,64.98078537,5.635136996,Roi Et,0
2563,45,female,78.22747225,69.48978784,8.737684404,Roi Et,0
2563,46,male,69.38426962,63.97106288,5.413206741,Kalasin,0
2563,46,female,78.22748778,69.46349089,8.763996882,Kalasin,0
2563,47,male,70.33354605,64.72619284,5.607353204,Sakon Nakhon,0
2563,47,female,78.02697413,69.30862122,8.718352911,Sakon Nakhon,0
2563,48,male,70.49193288,64.88962362,5.602309254,Nakhon Phanom,0
2563,48,female,77.92045839,69.2367231,8.683735287,Nakhon Phanom,0
2563,49,male,71.57316881,65.71604429,5.857124521,Mukdahan,0
2563,49,female,79.02478281,69.93908302,9.085699785,Mukdahan,0
2563,18,male,71.0862817,65.13966744,5.946614266,Chai Nat,0
2563,18,female,78.91631277,70.51303123,8.403281536,Chai Nat,0
2563,50,male,71.85108309,65.45393594,6.397147151,Chiang Mai,0
2563,50,female,80.13826535,71.14401655,8.994248792,Chiang Mai,0
2563,51,male,69.94277886,64.00472933,5.93804953,Lamphun,0
2563,51,female,77.96148987,69.67602818,8.285461684,Lamphun,0
2563,52,male,71.07739738,64.88536478,6.192032605,Lampang,0
2563,52,female,78.92355522,70.30128894,8.622266283,Lampang,0
2563,53,male,70.83240633,64.70873641,6.123669918,Uttaradit,0
2563,53,female,79.06836059,70.34778479,8.720575798,Uttaradit,0
2563,54,male,70.06988329,64.13331183,5.936571464,Phrae,0
2563,54,female,78.29817464,69.84539726,8.45277738,Phrae,0
2563,55,male,72.69632847,66.16876259,6.527565879,Nan,0
2563,55,female,79.25726003,70.53760935,8.719650672,Nan,0
2563,56,male,70.90065844,64.71666289,6.183995559,Phayao,0
2563,56,female,78.57406418,70.05346791,8.52059627,Phayao,0
2563,57,male,71.68891017,65.32959357,6.359316604,Chiang Rai,0
2563,57,female,79.64077847,70.77190197,8.8688765,Chiang Rai,0
2563,58,male,72.72943663,66.07913643,6.650300207,Mae Hong Son,0
2563,58,female,81.22726469,71.73900616,9.488258531,Mae Hong Son,0
2563,60,male,72.12876235,65.86583888,6.262923473,Nakhon Sawan,0
2563,60,female,79.923157,71.06535484,8.857802161,Nakhon Sawan,0
2563,61,male,71.66074952,65.51322683,6.147522684,Uthai Thani,0
2563,61,female,80.06064084,71.19941841,8.861222426,Uthai Thani,0
2563,62,male,71.08788596,64.91997691,6.167909047,Kamphaeng Phet,0
2563,62,female,79.43517845,70.64738356,8.787794883,Kamphaeng Phet,0
2563,63,male,72.26626466,65.8751179,6.391146761,Tak,0
2563,63,female,79.08792459,70.38569061,8.702233979,Tak,0
2563,64,male,71.32907979,65.08676072,6.242319064,Sukhothai,0
2563,64,female,79.10336464,70.37843151,8.724933124,Sukhothai,0
2563,65,male,72.35357156,65.86644273,6.487128823,Phitsanulok,0
2563,65,female,79.86094688,70.88281142,8.978135461,Phitsanulok,0
2563,66,male,71.57517739,65.29851123,6.276666153,Phichit,0
2563,66,female,79.21579438,70.51083712,8.704957255,Phichit,0
2563,67,male,70.41596645,64.54283858,5.873127876,Phetchabun,0
2563,67,female,79.36992668,70.56022842,8.809698258,Phetchabun,0
2563,80,male,73.66726017,67.39504263,6.272217546,Nakhon Si Thammarat,0
2563,80,female,81.82850158,72.73138855,9.09711303,Nakhon Si Thammarat,0
2563,81,male,72.82589328,66.80366075,6.022232534,Krabi,0
2563,81,female,80.05892269,71.46617598,8.592746707,Krabi,0
2563,82,male,72.55982054,66.58075424,5.979066306,Phang Nga,0
2563,82,female,80.32199599,71.67439062,8.647605366,Phang Nga,0
2563,83,male,74.22074522,67.91493511,6.305810103,Phuket,0
2563,83,female,80.83482624,72.05630506,8.778521189,Phuket,0
2563,84,male,74.2387735,67.90031879,6.338454708,Surat Thani,0
2563,84,female,81.87157061,72.72454253,9.147028086,Surat Thani,0
2563,85,male,73.24193787,67.05256458,6.189373287,Ranong,0
2563,85,female,80.55888975,71.81533681,8.743552943,Ranong,0
2563,86,male,73.42261945,67.26839218,6.154227265,Chumphon,0
2563,86,female,81.31076546,72.34976063,8.961004826,Chumphon,0
2563,90,male,73.97661735,67.65733545,6.319281896,Songkhla,0
2563,90,female,82.07373686,72.92525099,9.148485873,Songkhla,0
2563,91,male,73.37165973,67.27041994,6.10123979,Satun,0
2563,91,female,79.9182776,71.38825129,8.530026307,Satun,0
2563,92,male,73.04848271,66.89936878,6.149113927,Trang,0
2563,92,female,81.30517344,72.36455988,8.940613557,Trang,0
2563,93,male,73.46786093,67.25050696,6.217353968,Phatthalung,0
2563,93,female,82.53772942,73.20856799,9.32916143,Phatthalung,0
2563,94,male,72.31336688,66.2693605,6.044006372,Pattani,0
2563,94,female,80.13291713,71.47234413,8.660573004,Pattani,0
2563,95,male,73.64268441,67.28752115,6.35516326,Yala,0
2563,95,female,81.04266975,72.10945364,8.933216111,Yala,0
2563,96,male,72.49231208,66.39477502,6.097537057,Narathiwat,0
2563,96,female,80.53367314,71.67025129,8.863421847,Narathiwat,0
2563,10,male,23.53764211,18.40905329,5.128588819,Bangkok,60
2563,10,female,27.02113782,19.56370793,7.457429893,Bangkok,60
2563,11,male,21.71451345,17.05539798,4.65911547,Samut Prakan,60
2563,11,female,24.97779109,18.19128088,6.786510214,Samut Prakan,60
2563,12,male,24.20816128,18.76916187,5.438999406,Nonthaburi,60
2563,12,female,25.58127762,18.53736354,7.04391408,Nonthaburi,60
2563,13,male,20.61547244,16.23614511,4.379327327,Pathum Thani,60
2563,13,female,25.14342718,18.23497765,6.908449525,Pathum Thani,60
2563,14,male,20.33569759,15.98303492,4.35266267,Ayutthaya,60
2563,14,female,24.28604612,17.6681296,6.61791652,Ayutthaya,60
2563,15,male,20.24536368,15.93437707,4.31098661,Ang Thong,60
2563,15,female,23.70385619,17.28782051,6.416035674,Ang Thong,60
2563,16,male,20.78355837,16.2411631,4.542395279,Lopburi,60
2563,16,female,23.61513534,17.21228726,6.402848078,Lopburi,60
2563,17,male,19.75300521,15.553886,4.199119206,SingBuri,60
2563,17,female,23.64626186,17.26050944,6.385752424,SingBuri,60
2563,19,male,19.7256276,15.53196029,4.193667314,Saraburi,60
2563,19,female,23.43330502,17.12681854,6.306486474,Saraburi,60
2563,20,male,21.93800031,17.13172931,4.806270992,Chonburi,60
2563,20,female,25.38077245,18.36426367,7.016508777,Chonburi,60
2563,21,male,20.43896178,16.0742206,4.36474118,Rayong,60
2563,21,female,24.69167831,17.92827776,6.763400555,Rayong,60
2563,22,male,20.60753199,16.17714351,4.430388478,Chanthaburi,60
2563,22,female,24.93366281,18.08444957,6.849213232,Chanthaburi,60
2563,23,male,21.8024543,17.01933226,4.783122044,Trat,60
2563,23,female,25.46571255,18.41817741,7.047535142,Trat,60
2563,24,male,20.81391991,16.32378178,4.490138126,Chachoengsao,60
2563,24,female,24.54400734,17.83231308,6.711694265,Chachoengsao,60
2563,25,male,20.336598,15.97572951,4.360868484,Prachinburi,60
2563,25,female,24.28874476,17.64302715,6.645717607,Prachinburi,60
2563,26,male,20.61693904,16.20525941,4.411679624,Nakhon Nayok,60
2563,26,female,24.85839335,18.01585712,6.842536231,Nakhon Nayok,60
2563,27,male,20.21137008,15.85550748,4.355862608,Sa Kaeo,60
2563,27,female,23.55384109,17.14454415,6.409296941,Sa Kaeo,60
2563,70,male,20.45660864,16.10036417,4.356244469,Ratchaburi,60
2563,70,female,24.31739602,17.70739548,6.61000054,Ratchaburi,60
2563,71,male,21.1439329,16.48110385,4.662829053,Kanchanaburi,60
2563,71,female,24.43154544,17.76545471,6.666090731,Kanchanaburi,60
2563,72,male,20.40152043,15.9972021,4.404318332,Suphan Buri,60
2563,72,female,23.65955032,17.27109444,6.388455879,Suphan Buri,60
2563,73,male,20.69649908,16.29992027,4.396578811,Nakhon Pathom,60
2563,73,female,24.71917457,17.97755943,6.741615145,Nakhon Pathom,60
2563,74,male,21.80419471,17.10417944,4.700015274,Samut Sakhon,60
2563,74,female,25.51292613,18.49504639,7.017879737,Samut Sakhon,60
2563,75,male,20.50427461,16.15539864,4.348875969,Samut Songkhram,60
2563,75,female,24.96681496,18.10411571,6.862699252,Samut Songkhram,60
2563,76,male,20.60905912,16.22333585,4.385723278,Phetchaburi,60
2563,76,female,24.48172483,17.8326056,6.649119231,Phetchaburi,60
2563,77,male,21.9768602,17.15319294,4.823667258,Prachuap Khiri Khan,60
2563,77,female,25.48270172,18.48538733,6.997314392,Prachuap Khiri Khan,60
2563,30,male,20.89565366,16.13984207,4.75581159,Nakhon Ratchasima,60
2563,30,female,24.06678872,17.39340611,6.673382607,Nakhon Ratchasima,60
2563,31,male,20.66603914,15.89406415,4.771974991,Buriram,60
2563,31,female,23.87549095,17.19090294,6.684588015,Buriram,60
2563,32,male,20.73279615,15.88608766,4.846708489,Surin,60
2563,32,female,23.54804781,16.94682678,6.601221029,Surin,60
2563,33,male,20.50596914,15.69896426,4.807004877,Sisaket,60
2563,33,female,23.24627483,16.71979699,6.526477835,Sisaket,60
2563,34,male,20.3963836,15.64270867,4.753674935,Ubon Ratchathani,60
2563,34,female,23.17813386,16.70232986,6.475803996,Ubon Ratchathani,60
2563,35,male,18.93194871,14.58369308,4.348255627,Yasothon,60
2563,35,female,21.8498231,15.82072357,6.029099531,Yasothon,60
2563,36,male,19.81957859,15.26976371,4.549814885,Chaiyaphum,60
2563,36,female,22.67270871,16.45379134,6.21891737,Chaiyaphum,60
2563,37,male,19.69060184,15.09993218,4.590669656,Amnat Charoen,60
2563,37,female,23.05645871,16.58618782,6.470270885,Amnat Charoen,60
2563,38,male,19.58598361,15.0431716,4.542812001,Bueng Kan,60
2563,38,female,22.47529353,16.21273462,6.262558908,Bueng Kan,60
2563,39,male,19.90552268,15.2775105,4.62801218,Nong Bua Lamphu,60
2563,39,female,22.7854082,16.44884113,6.336567074,Nong Bua Lamphu,60
2563,40,male,20.03353876,15.36930804,4.664230717,Khon Kaen,60
2563,40,female,22.94434622,16.57007054,6.37427568,Khon Kaen,60
2563,41,male,19.92755852,15.26974702,4.657811502,Udon Thani,60
2563,41,female,22.61735387,16.33057047,6.286783407,Udon Thani,60
2563,42,male,19.95296658,15.32336309,4.629603493,Loei,60
2563,42,female,22.74859101,16.48982188,6.258769136,Loei,60
2563,43,male,20.64955519,15.72590765,4.923647543,Nong Khai,60
2563,43,female,23.87925642,17.13171664,6.747539782,Nong Khai,60
2563,44,male,19.62496239,15.06137457,4.563587821,Maha Sarakham,60
2563,44,female,22.15772716,16.0267825,6.130944661,Maha Sarakham,60
2563,45,male,19.43448408,14.94618971,4.488294371,Roi Et,60
2563,45,female,22.24285048,16.07991972,6.162930757,Roi Et,60
2563,46,male,18.83139368,14.50710679,4.324286894,Kalasin,60
2563,46,female,22.4130607,16.17828701,6.23477369,Kalasin,60
2563,47,male,19.07455029,14.67388503,4.400665256,Sakon Nakhon,60
2563,47,female,22.16235394,16.00642912,6.155924811,Sakon Nakhon,60
2563,48,male,18.86746893,14.53041942,4.337049512,Nakhon Phanom,60
2563,48,female,22.30579472,16.11425315,6.191541571,Nakhon Phanom,60
2563,49,male,19.67580467,15.08590943,4.589895238,Mukdahan,60
2563,49,female,23.27570102,16.72137972,6.5543213,Mukdahan,60
2563,18,male,19.70920907,15.31741613,4.391792938,Chai Nat,60
2563,18,female,23.02518105,16.89518819,6.129992869,Chai Nat,60
2563,50,male,20.3821984,15.63396613,4.748232276,Chiang Mai,60
2563,50,female,23.96182097,17.52203405,6.439786918,Chiang Mai,60
2563,51,male,19.11501904,14.77171185,4.343307194,Lamphun,60
2563,51,female,21.94488722,16.21526726,5.729619957,Lamphun,60
2563,52,male,19.91340568,15.32872885,4.584676832,Lampang,60
2563,52,female,22.94894743,16.8616954,6.087252026,Lampang,60
2563,53,male,19.80128275,15.23197305,4.569309702,Uttaradit,60
2563,53,female,23.29017491,17.05594015,6.234234752,Uttaradit,60
2563,54,male,18.86758246,14.59091536,4.276667098,Phrae,60
2563,54,female,22.54456883,16.59549802,5.949070814,Phrae,60
2563,55,male,20.70772969,15.89418889,4.813540798,Nan,60
2563,55,female,23.04121439,16.90624732,6.134967066,Nan,60
2563,56,male,19.65939408,15.14143845,4.517955634,Phayao,60
2563,56,female,22.62731005,16.66141578,5.965894271,Phayao,60
2563,57,male,20.42760707,15.67764012,4.749966948,Chiang Rai,60
2563,57,female,23.59749904,17.26589074,6.331608303,Chiang Rai,60
2563,58,male,21.24155944,16.24322736,4.99833208,Mae Hong Son,60
2563,58,female,25.68031454,18.57973056,7.100583981,Mae Hong Son,60
2563,60,male,20.82406412,16.03956732,4.784496804,Nakhon Sawan,60
2563,60,female,24.31004716,17.70445066,6.605596503,Nakhon Sawan,60
2563,61,male,20.46697063,15.82181425,4.64515638,Uthai Thani,60
2563,61,female,24.44316402,17.81278587,6.630378142,Uthai Thani,60
2563,62,male,20.02000941,15.3986216,4.62138781,Kamphaeng Phet,60
2563,62,female,23.71289308,17.31628187,6.396611209,Kamphaeng Phet,60
2563,63,male,20.67618111,15.88889815,4.787282961,Tak,60
2563,63,female,23.57512728,17.21938854,6.355738737,Tak,60
2563,64,male,19.96022132,15.34467458,4.615546733,Sukhothai,60
2563,64,female,23.37203474,17.11583634,6.256198398,Sukhothai,60
2563,65,male,21.01558764,16.07379481,4.941792823,Phitsanulok,60
2563,65,female,24.02322858,17.51309267,6.51013591,Phitsanulok,60
2563,66,male,20.38616921,15.67190985,4.714259359,Phichit,60
2563,66,female,23.40905908,17.15584854,6.253210531,Phichit,60
2563,67,male,19.87948373,15.32726697,4.552216758,Phetchabun,60
2563,67,female,23.8249524,17.32118051,6.503771887,Phetchabun,60
2563,80,male,21.52958688,16.99372797,4.535858916,Nakhon Si Thammarat,60
2563,80,female,26.0416603,19.31907012,6.722590185,Nakhon Si Thammarat,60
2563,81,male,20.62488345,16.37420427,4.250679174,Krabi,60
2563,81,female,24.45087519,18.23968977,6.211185422,Krabi,60
2563,82,male,20.41663248,16.20363509,4.212997389,Phang Nga,60
2563,82,female,24.72977922,18.4348811,6.294898126,Phang Nga,60
2563,83,male,21.28622832,16.84645572,4.439772603,Phuket,60
2563,83,female,24.98821871,18.64461997,6.343598745,Phuket,60
2563,84,male,21.49490958,16.95400241,4.540907167,Surat Thani,60
2563,84,female,26.12701614,19.33252736,6.794488785,Surat Thani,60
2563,85,male,21.2531034,16.77248187,4.48062153,Ranong,60
2563,85,female,25.03088211,18.59547694,6.435405162,Ranong,60
2563,86,male,21.10289301,16.65928897,4.443604041,Chumphon,60
2563,86,female,25.60448628,18.94285082,6.661635456,Chumphon,60
2563,90,male,21.55111001,17.00912959,4.541980423,Songkhla,60
2563,90,female,26.04408311,19.3363695,6.707713603,Songkhla,60
2563,91,male,20.5746073,16.33989407,4.234713232,Satun,60
2563,91,female,24.33535404,18.18478251,6.150571532,Satun,60
2563,92,male,21.1524887,16.73363494,4.418853761,Trang,60
2563,92,female,25.61340548,19.04650667,6.566898812,Trang,60
2563,93,male,21.3035866,16.84574554,4.457841063,Phatthalung,60
2563,93,female,26.81035503,19.85427125,6.956083774,Phatthalung,60
2563,94,male,20.80779497,16.42268687,4.385108104,Pattani,60
2563,94,female,24.90798535,18.53287529,6.37511006,Pattani,60
2563,95,male,21.80754425,17.1302542,4.677290055,Yala,60
2563,95,female,25.63006442,19.01309466,6.616969763,Yala,60
2563,96,male,20.87152812,16.44981695,4.421711173,Narathiwat,60
2563,96,female,25.61911083,18.98381772,6.635293106,Narathiwat,60
2564,10,male,73.0224577,67.32179918,5.700658517,Bangkok,0
2564,10,female,80.25926235,72.42919162,7.830070735,Bangkok,0
2564,11,male,70.75146426,65.51649122,5.234973043,Samut Prakan,0
2564,11,female,78.00014509,70.74179164,7.258353445,Samut Prakan,0
2564,12,male,74.52792163,68.2118902,6.316031427,Nonthaburi,0
2564,12,female,80.21429765,72.25403689,7.960260759,Nonthaburi,0
2564,13,male,71.74994286,66.2680228,5.48192006,Pathum Thani,0
2564,13,female,78.49095118,71.03563259,7.455318594,Pathum Thani,0
2564,14,male,70.08159848,64.80421591,5.277382569,Ayutthaya,0
2564,14,female,77.50754079,70.21280426,7.294736536,Ayutthaya,0
2564,15,male,69.25821194,64.13131573,5.126896202,Ang Thong,0
2564,15,female,77.63037792,70.31020288,7.320175036,Ang Thong,0
2564,16,male,69.62776723,64.27789994,5.349867293,Lopburi,0
2564,16,female,77.97659705,70.35786361,7.618733445,Lopburi,0
2564,17,male,70.08248841,64.75761555,5.324872858,SingBuri,0
2564,17,female,78.32624829,70.79128936,7.534958929,SingBuri,0
2564,19,male,69.40520707,64.24138723,5.163819842,Saraburi,0
2564,19,female,78.01404187,70.53220176,7.481840108,Saraburi,0
2564,20,male,72.34888527,66.63385064,5.715034633,Chonburi,0
2564,20,female,79.45941501,71.59280538,7.866609632,Chonburi,0
2564,21,male,71.37808299,65.87274714,5.505335857,Rayong,0
2564,21,female,78.88333865,71.18186904,7.701469608,Rayong,0
2564,22,male,71.34256317,65.79237602,5.550187156,Chanthaburi,0
2564,22,female,79.68413872,71.7286237,7.95551502,Chanthaburi,0
2564,23,male,71.03101135,65.54421045,5.486800896,Trat,0
2564,23,female,79.33486741,71.40835794,7.926509468,Trat,0
2564,24,male,71.40580365,65.81880852,5.586995132,Chachoengsao,0
2564,24,female,78.92324578,71.15116685,7.772078929,Chachoengsao,0
2564,25,male,69.63818457,64.40508839,5.233096174,Prachinburi,0
2564,25,female,77.99366083,70.52083493,7.4728259,Prachinburi,0
2564,26,male,70.07374308,64.81861141,5.255131669,Nakhon Nayok,0
2564,26,female,78.48260954,70.90955773,7.573051805,Nakhon Nayok,0
2564,27,male,69.36454181,64.19730543,5.167236379,Sa Kaeo,0
2564,27,female,77.83603595,70.28871707,7.547318879,Sa Kaeo,0
2564,70,male,70.61210057,65.2499977,5.362102874,Ratchaburi,0
2564,70,female,78.47533869,70.95434772,7.520990972,Ratchaburi,0
2564,71,male,71.37132278,65.599501,5.771821776,Kanchanaburi,0
2564,71,female,78.76487984,70.96124925,7.803630587,Kanchanaburi,0
2564,72,male,70.22371133,64.72376524,5.499946083,Suphan Buri,0
2564,72,female,78.15639634,70.58522575,7.57117059,Suphan Buri,0
2564,73,male,71.00395107,65.62864177,5.375309304,Nakhon Pathom,0
2564,73,female,78.62110072,71.06667024,7.554430481,Nakhon Pathom,0
2564,74,male,70.50492667,65.28700133,5.217925337,Samut Sakhon,0
2564,74,female,77.81411675,70.55275943,7.261357314,Samut Sakhon,0
2564,75,male,70.87906344,65.56774961,5.311313833,Samut Songkhram,0
2564,75,female,78.56724915,71.0564516,7.510797551,Samut Songkhram,0
2564,76,male,71.66074319,66.03464512,5.626098072,Phetchaburi,0
2564,76,female,79.26249611,71.44127998,7.821216126,Phetchaburi,0
2564,77,male,72.50076322,66.56764321,5.93312001,Prachuap Khiri Khan,0
2564,77,female,79.79860169,71.71482752,8.083774174,Prachuap Khiri Khan,0
2564,30,male,71.65944874,66.06941916,5.590029577,Nakhon Ratchasima,0
2564,30,female,79.65939537,71.01917086,8.640224509,Nakhon Ratchasima,0
2564,31,male,70.6256553,65.35207688,5.273578423,Buriram,0
2564,31,female,78.88151411,70.16961616,8.711897959,Buriram,0
2564,32,male,70.16819785,65.03947873,5.128719121,Surin,0
2564,32,female,78.6320076,69.92069107,8.711316532,Surin,0
2564,33,male,70.53278554,65.36771781,5.165067735,Sisaket,0
2564,33,female,78.36162362,69.63389354,8.727730082,Sisaket,0
2564,34,male,70.54112158,65.42876728,5.112354303,Ubon Ratchathani,0
2564,34,female,78.46489335,69.71125824,8.753635118,Ubon Ratchathani,0
2564,35,male,69.0825578,64.31974444,4.762813368,Yasothon,0
2564,35,female,77.36633574,68.84249302,8.523842725,Yasothon,0
2564,36,male,69.58539026,64.32633129,5.259058969,Chaiyaphum,0
2564,36,female,77.82049004,69.45830391,8.362186126,Chaiyaphum,0
2564,37,male,70.20537525,65.25098103,4.954394219,Amnat Charoen,0
2564,37,female,78.7718961,69.78358004,8.988316054,Amnat Charoen,0
2564,38,male,70.04307534,65.07624731,4.966828036,Bueng Kan,0
2564,38,female,77.68973181,69.0738581,8.61587371,Bueng Kan,0
2564,39,male,70.21562778,65.13176222,5.083865562,Nong Bua Lamphu,0
2564,39,female,77.99849837,69.3496423,8.648856065,Nong Bua Lamphu,0
2564,40,male,70.09653732,64.96709799,5.129439333,Khon Kaen,0
2564,40,female,78.8947836,70.0824228,8.812360799,Khon Kaen,0
2564,41,male,69.65897458,64.7048605,4.95411408,Udon Thani,0
2564,41,female,77.60966277,69.08570927,8.523953495,Udon Thani,0
2564,42,male,70.89508984,65.3756468,5.519443038,Loei,0
2564,42,female,78.39037713,69.75165988,8.638717246,Loei,0
2564,43,male,71.12427101,65.74759205,5.376678959,Nong Khai,0
2564,43,female,79.20443961,70.13594261,9.068497006,Nong Khai,0
2564,44,male,69.56542397,64.66371023,4.901713743,Maha Sarakham,0
2564,44,female,77.69263972,69.18853573,8.504103989,Maha Sarakham,0
2564,45,male,69.22894984,64.4306712,4.798278644,Roi Et,0
2564,45,female,78.11318105,69.41811857,8.695062476,Roi Et,0
2564,46,male,68.88296278,64.15729821,4.725664568,Kalasin,0
2564,46,female,77.82776437,69.23207363,8.595690742,Kalasin,0
2564,47,male,69.889191,64.96098329,4.928207718,Sakon Nakhon,0
2564,47,female,77.72734415,69.09100994,8.636334208,Sakon Nakhon,0
2564,48,male,69.75531097,64.88486934,4.870441631,Nakhon Phanom,0
2564,48,female,77.86938282,69.2205196,8.648863217,Nakhon Phanom,0
2564,49,male,70.87470795,65.80237622,5.072331734,Mukdahan,0
2564,49,female,78.58383134,69.69966346,8.884167878,Mukdahan,0
2564,18,male,70.28450232,64.17056917,6.11393315,Chai Nat,0
2564,18,female,78.08165247,70.11685473,7.964797738,Chai Nat,0
2564,50,male,71.39810236,64.64908039,6.749021976,Chiang Mai,0
2564,50,female,79.66065568,70.98741948,8.673236199,Chiang Mai,0
2564,51,male,70.42755332,63.94988232,6.477671002,Lamphun,0
2564,51,female,78.58742438,70.27377507,8.313649314,Lamphun,0
2564,52,male,70.8269833,64.28403434,6.542948966,Lampang,0
2564,52,female,78.77041374,70.36554771,8.404866025,Lampang,0
2564,53,male,70.16284642,63.84925458,6.313591844,Uttaradit,0
2564,53,female,78.63610584,70.17520975,8.460896089,Uttaradit,0
2564,54,male,69.32626122,63.11362857,6.212632644,Phrae,0
2564,54,female,78.53004418,70.18030099,8.349743196,Phrae,0
2564,55,male,72.55371322,65.67835363,6.875359588,Nan,0
2564,55,female,79.82156242,71.0837595,8.737802915,Nan,0
2564,56,male,70.40224073,63.88920018,6.513040547,Phayao,0
2564,56,female,78.17122537,69.9401923,8.231033072,Phayao,0
2564,57,male,71.15855302,64.49621011,6.662342905,Chiang Rai,0
2564,57,female,79.38077723,70.76982756,8.610949667,Chiang Rai,0
2564,58,male,72.44197536,65.44479277,6.997182591,Mae Hong Son,0
2564,58,female,79.66533637,70.85398845,8.811347923,Mae Hong Son,0
2564,60,male,70.6917152,64.46541333,6.226301867,Nakhon Sawan,0
2564,60,female,78.59820478,70.37094167,8.227263111,Nakhon Sawan,0
2564,61,male,70.36049687,64.14903705,6.211459815,Uthai Thani,0
2564,61,female,78.95039096,70.67691141,8.273479549,Uthai Thani,0
2564,62,male,70.05312818,63.67688399,6.376244185,Kamphaeng Phet,0
2564,62,female,77.73193325,69.6540372,8.077896054,Kamphaeng Phet,0
2564,63,male,70.83659267,64.37480348,6.461789191,Tak,0
2564,63,female,78.67589337,70.2634597,8.412433664,Tak,0
2564,64,male,69.72943232,63.41217317,6.317259149,Sukhothai,0
2564,64,female,78.5588804,70.20137474,8.35750566,Sukhothai,0
2564,65,male,71.00141441,64.53695405,6.464460357,Phitsanulok,0
2564,65,female,79.28192128,70.67681521,8.605106071,Phitsanulok,0
2564,66,male,70.58078454,64.12148365,6.459300888,Phichit,0
2564,66,female,78.50112769,70.1477108,8.353416894,Phichit,0
2564,67,male,68.87135296,63.17817381,5.693179158,Phetchabun,0
2564,67,female,78.34898311,70.05875764,8.290225475,Phetchabun,0
2564,80,male,72.51914188,66.67762219,5.841519684,Nakhon Si Thammarat,0
2564,80,female,80.77914804,72.44228499,8.336863052,Nakhon Si Thammarat,0
2564,81,male,72.51481156,66.69368392,5.821127638,Krabi,0
2564,81,female,79.89316908,71.85897303,8.03419605,Krabi,0
2564,82,male,71.70113471,66.0714226,5.629712103,Phang Nga,0
2564,82,female,79.92626614,71.88714581,8.039120335,Phang Nga,0
2564,83,male,73.07091304,67.22604423,5.84486881,Phuket,0
2564,83,female,79.86641976,71.93644749,7.929972273,Phuket,0
2564,84,male,72.92603109,66.95734789,5.968683199,Surat Thani,0
2564,84,female,81.40193711,72.88939445,8.512542657,Surat Thani,0
2564,85,male,71.169852,65.59644792,5.573404081,Ranong,0
2564,85,female,79.13931261,71.30813337,7.831179238,Ranong,0
2564,86,male,72.26056118,66.4412745,5.819286673,Chumphon,0
2564,86,female,80.75789826,72.45556912,8.302329141,Chumphon,0
2564,90,male,72.63754202,66.84441008,5.793131942,Songkhla,0
2564,90,female,80.23755775,72.12452516,8.11303259,Songkhla,0
2564,91,male,71.77552861,66.18584068,5.589687927,Satun,0
2564,91,female,78.77312124,71.07945194,7.693669304,Satun,0
2564,92,male,72.27763295,66.51503376,5.762599196,Trang,0
2564,92,female,80.78655492,72.49378331,8.29277161,Trang,0
2564,93,male,72.9290858,66.99287571,5.936210084,Phatthalung,0
2564,93,female,80.9315637,72.63651387,8.295049831,Phatthalung,0
2564,94,male,68.95767907,63.97268337,4.984995692,Pattani,0
2564,94,female,76.19865816,69.14774222,7.050915948,Pattani,0
2564,95,male,70.75868081,65.36558323,5.393097583,Yala,0
2564,95,female,77.43473865,70.06951917,7.365219485,Yala,0
2564,96,male,69.31568156,64.24158985,5.074091703,Narathiwat,0
2564,96,female,76.1196969,69.07831826,7.041378644,Narathiwat,0
2564,10,male,19.60534244,15.3415051,4.263837333,Bangkok,60
2564,10,female,24.05472797,17.85135106,6.203376914,Bangkok,60
2564,11,male,18.27250225,14.38360395,3.888898302,Samut Prakan,60
2564,11,female,22.3835028,16.67082192,5.712680877,Samut Prakan,60
2564,12,male,22.00905042,16.93479211,5.07425831,Nonthaburi,60
2564,12,female,24.17954861,17.81456992,6.364978689,Nonthaburi,60
2564,13,male,19.03756165,14.90986469,4.127696962,Pathum Thani,60
2564,13,female,22.6613603,16.79053992,5.870820379,Pathum Thani,60
2564,14,male,18.90409481,14.77812288,4.125971933,Ayutthaya,60
2564,14,female,22.37466913,16.58680127,5.787867853,Ayutthaya,60
2564,15,male,18.68852494,14.64374699,4.044777946,Ang Thong,60
2564,15,female,22.46511194,16.63065074,5.834461194,Ang Thong,60
2564,16,male,19.33198376,15.01228803,4.319695732,Lopburi,60
2564,16,female,23.05116809,16.97360263,6.077565456,Lopburi,60
2564,17,male,18.98032914,14.82162147,4.158707676,SingBuri,60
2564,17,female,22.81148327,16.86828554,5.943197732,SingBuri,60
2564,19,male,18.69007505,14.60692425,4.083150804,Saraburi,60
2564,19,female,22.72771802,16.79498036,5.93273766,Saraburi,60
2564,20,male,19.94307767,15.49873128,4.444346388,Chonburi,60
2564,20,female,23.86184917,17.55554802,6.306301146,Chonburi,60
2564,21,male,19.39314633,15.1517171,4.241429224,Rayong,60
2564,21,female,23.60364073,17.40766502,6.19597571,Rayong,60
2564,22,male,20.14047757,15.6795709,4.460906673,Chanthaburi,60
2564,22,female,24.08326177,17.70061597,6.382645793,Chanthaburi,60
2564,23,male,19.90746865,15.521816,4.385652657,Trat,60
2564,23,female,23.93311217,17.56611178,6.367000387,Trat,60
2564,24,male,19.91808107,15.4812234,4.436857671,Chachoengsao,60
2564,24,female,23.66180343,17.41412915,6.247674275,Chachoengsao,60
2564,25,male,19.33982636,15.08342077,4.256405589,Prachinburi,60
2564,25,female,22.61382156,16.70759942,5.906222148,Prachinburi,60
2564,26,male,19.1895636,14.99253377,4.197029835,Nakhon Nayok,60
2564,26,female,23.22580537,17.1437612,6.082044171,Nakhon Nayok,60
2564,27,male,19.22699622,14.98817581,4.238820414,Sa Kaeo,60
2564,27,female,22.76940441,16.76990236,5.999502059,Sa Kaeo,60
2564,70,male,19.10388802,14.93318509,4.170702928,Ratchaburi,60
2564,70,female,23.03850922,17.0341552,6.004354025,Ratchaburi,60
2564,71,male,19.84902215,15.33418428,4.514837864,Kanchanaburi,60
2564,71,female,23.20638758,17.10431859,6.102068995,Kanchanaburi,60
2564,72,male,19.37904319,15.05586302,4.323180176,Suphan Buri,60
2564,72,female,22.97256766,16.96785692,6.00471074,Suphan Buri,60
2564,73,male,18.87089334,14.78230293,4.088590408,Nakhon Pathom,60
2564,73,female,23.19607833,17.14880612,6.047272211,Nakhon Pathom,60
2564,74,male,18.29623748,14.39945673,3.896780757,Samut Sakhon,60
2564,74,female,22.36507974,16.61073943,5.754340305,Samut Sakhon,60
2564,75,male,18.76317157,14.73763392,4.02553765,Samut Songkhram,60
2564,75,female,23.06151042,17.05138909,6.010121331,Samut Songkhram,60
2564,76,male,20.07637318,15.64602609,4.430347098,Phetchaburi,60
2564,76,female,23.92750322,17.62440472,6.303098503,Phetchaburi,60
2564,77,male,21.19862005,16.37247548,4.826144566,Prachuap Khiri Khan,60
2564,77,female,24.58869233,18.06516886,6.52352347,Prachuap Khiri Khan,60
2564,30,male,20.69697933,15.94473669,4.75224264,Nakhon Ratchasima,60
2564,30,female,23.86403554,17.2541768,6.609858743,Nakhon Ratchasima,60
2564,31,male,20.26713852,15.62951963,4.637618893,Buriram,60
2564,31,female,23.45960341,16.86021675,6.59938666,Buriram,60
2564,32,male,20.01183381,15.43812516,4.573708649,Surin,60
2564,32,female,22.98032338,16.50214428,6.478179102,Surin,60
2564,33,male,19.99465761,15.42923761,4.565420003,Sisaket,60
2564,33,female,22.71778441,16.27786041,6.439924003,Sisaket,60
2564,34,male,19.50686126,15.10529714,4.401564122,Ubon Ratchathani,60
2564,34,female,22.75439237,16.31150292,6.442889456,Ubon Ratchathani,60
2564,35,male,19.02111874,14.75203516,4.26908358,Yasothon,60
2564,35,female,22.10898944,15.85630303,6.252686414,Yasothon,60
2564,36,male,19.39294919,14.93688343,4.456065763,Chaiyaphum,60
2564,36,female,22.49042049,16.28727243,6.203148063,Chaiyaphum,60
2564,37,male,19.28522169,14.96217509,4.323046595,Amnat Charoen,60
2564,37,female,23.07860091,16.45620887,6.622392043,Amnat Charoen,60
2564,38,male,18.97647872,14.73021622,4.246262498,Bueng Kan,60
2564,38,female,22.44882057,16.08879819,6.360022383,Bueng Kan,60
2564,39,male,19.17235418,14.83469438,4.337659801,Nong Bua Lamphu,60
2564,39,female,22.3991207,16.07090002,6.328220678,Nong Bua Lamphu,60
2564,40,male,19.45304098,15.00130784,4.451733141,Khon Kaen,60
2564,40,female,22.91742947,16.44975352,6.467675953,Khon Kaen,60
2564,41,male,18.86514313,14.61717839,4.247964737,Udon Thani,60
2564,41,female,22.09140535,15.8783053,6.213100052,Udon Thani,60
2564,42,male,19.7129907,15.13847517,4.574515524,Loei,60
2564,42,female,22.67364046,16.34943094,6.324209524,Loei,60
2564,43,male,20.19085889,15.48669111,4.704167779,Nong Khai,60
2564,43,female,23.60612457,16.83126426,6.774860313,Nong Khai,60
2564,44,male,19.14037379,14.82562847,4.314745323,Maha Sarakham,60
2564,44,female,21.97303266,15.80728396,6.1657487,Maha Sarakham,60
2564,45,male,18.88189601,14.66832902,4.213566985,Roi Et,60
2564,45,female,22.42979584,16.08262417,6.347171675,Roi Et,60
2564,46,male,18.49304468,14.37066612,4.122378555,Kalasin,60
2564,46,female,22.09297804,15.855459,6.237519042,Kalasin,60
2564,47,male,18.9670978,14.71637414,4.250723655,Sakon Nakhon,60
2564,47,female,22.23665606,15.93016841,6.306487648,Sakon Nakhon,60
2564,48,male,18.74083895,14.55495265,4.185886299,Nakhon Phanom,60
2564,48,female,22.2767838,15.95661494,6.320168864,Nakhon Phanom,60
2564,49,male,19.29931514,14.95828903,4.341026108,Mukdahan,60
2564,49,female,22.81977206,16.29817519,6.521596878,Mukdahan,60
2564,18,male,19.35482336,14.72052841,4.634294949,Chai Nat,60
2564,18,female,22.84023623,16.8402259,6.000010324,Chai Nat,60
2564,50,male,20.09778797,15.02837465,5.069413318,Chiang Mai,60
2564,50,female,23.58896916,17.29412868,6.29484048,Chiang Mai,60
2564,51,male,19.16480583,14.41121907,4.753586763,Lamphun,60
2564,51,female,22.55426187,16.6263569,5.927904961,Lamphun,60
2564,52,male,19.30824656,14.5200466,4.788199962,Lampang,60
2564,52,female,22.89812965,16.84317588,6.054953768,Lampang,60
2564,53,male,19.33045429,14.55304789,4.777406396,Uttaradit,60
2564,53,female,23.20941197,17.00509373,6.204318243,Uttaradit,60
2564,54,male,18.45526461,13.91505074,4.54021387,Phrae,60
2564,54,female,22.74566011,16.73172128,6.013938826,Phrae,60
2564,55,male,20.53389468,15.40295458,5.130940091,Nan,60
2564,55,female,23.71313604,17.36181331,6.351322728,Nan,60
2564,56,male,19.23339141,14.45183127,4.78156014,Phayao,60
2564,56,female,22.26749612,16.42201147,5.845484652,Phayao,60
2564,57,male,20.10393643,15.06733048,5.036605956,Chiang Rai,60
2564,57,female,23.43423804,17.17964759,6.254590451,Chiang Rai,60
2564,58,male,20.82959341,15.55050262,5.279090786,Mae Hong Son,60
2564,58,female,24.5407638,17.89284521,6.64791859,Mae Hong Son,60
2564,60,male,19.77154613,14.97043652,4.801109609,Nakhon Sawan,60
2564,60,female,23.33325148,17.11662356,6.216627925,Nakhon Sawan,60
2564,61,male,19.7637031,14.97094,4.7927631,Uthai Thani,60
2564,61,female,23.39549244,17.18261257,6.212879873,Uthai Thani,60
2564,62,male,19.82533437,14.88497457,4.940359806,Kamphaeng Phet,60
2564,62,female,22.48482543,16.55069537,5.934130062,Kamphaeng Phet,60
2564,63,male,19.79074131,14.88699941,4.903741902,Tak,60
2564,63,female,23.60331615,17.28713721,6.316178945,Tak,60
2564,64,male,18.96676547,14.25660277,4.710162709,Sukhothai,60
2564,64,female,22.9794623,16.87965493,6.099807371,Sukhothai,60
2564,65,male,19.84365532,14.9138221,4.929833221,Phitsanulok,60
2564,65,female,23.57323561,17.23192654,6.341309074,Phitsanulok,60
2564,66,male,19.73951506,14.83042213,4.909092932,Phichit,60
2564,66,female,23.1640111,16.99441121,6.169599887,Phichit,60
2564,67,male,19.16791639,14.58244055,4.585475844,Phetchabun,60
2564,67,female,23.02799319,16.82142125,6.206571939,Phetchabun,60
2564,80,male,20.69281504,16.14809019,4.544724845,Nakhon Si Thammarat,60
2564,80,female,25.2766797,18.86534039,6.41133931,Nakhon Si Thammarat,60
2564,81,male,20.29838941,15.86848023,4.429909185,Krabi,60
2564,81,female,24.30721103,18.22036878,6.086842255,Krabi,60
2564,82,male,19.86539407,15.54867511,4.316718962,Phang Nga,60
2564,82,female,24.45582501,18.3400941,6.11573091,Phang Nga,60
2564,83,male,19.92001055,15.58502736,4.334983184,Phuket,60
2564,83,female,23.8910992,17.98037885,5.910720354,Phuket,60
2564,84,male,21.01126874,16.34560069,4.665668047,Surat Thani,60
2564,84,female,25.66946113,19.10079743,6.568663696,Surat Thani,60
2564,85,male,19.93201375,15.5718388,4.360174944,Ranong,60
2564,85,female,23.80543002,17.85430869,5.951121333,Ranong,60
2564,86,male,20.7358631,16.13846459,4.597398517,Chumphon,60
2564,86,female,25.02308895,18.64446591,6.378623046,Chumphon,60
2564,90,male,20.18756402,15.77511657,4.41244745,Songkhla,60
2564,90,female,24.46787099,18.34993818,6.117932813,Songkhla,60
2564,91,male,19.43498653,15.25320175,4.181784787,Satun,60
2564,91,female,23.21901115,17.47929218,5.739718974,Satun,60
2564,92,male,20.11207339,15.72368067,4.38839272,Trang,60
2564,92,female,25.11745827,18.79242349,6.325034773,Trang,60
2564,93,male,20.9724322,16.33993931,4.632492892,Phatthalung,60
2564,93,female,24.97033323,18.70693603,6.263397191,Phatthalung,60
2564,94,male,17.44174846,13.7738815,3.667866955,Pattani,60
2564,94,female,21.70677856,16.42910701,5.277671551,Pattani,60
2564,95,male,18.77138136,14.73595651,4.03542485,Yala,60
2564,95,female,22.34791903,16.86684401,5.481075022,Yala,60
2564,96,male,17.63718013,13.90880193,3.728378199,Narathiwat,60
2564,96,female,21.59672616,16.34145568,5.255270483,Narathiwat,60
2565,10,male,75.13624409,69.27510879,5.861135298,Bangkok,0
2565,10,female,82.02110086,72.55822127,9.462879591,Bangkok,0
2565,11,male,72.77895608,67.30809184,5.47086424,Samut Prakan,0
2565,11,female,79.46662398,70.88877594,8.57784804,Samut Prakan,0
2565,12,male,74.63912715,68.5802241,6.058903047,Nonthaburi,0
2565,12,female,80.463987,71.77711517,8.686871833,Nonthaburi,0
2565,13,male,73.00410275,67.38570058,5.618402167,Pathum Thani,0
2565,13,female,79.67522244,71.2762697,8.398952743,Pathum Thani,0
2565,14,male,70.76007448,65.47607862,5.283995861,Ayutthaya,0
2565,14,female,78.3583316,70.25760744,8.100724158,Ayutthaya,0
2565,15,male,69.66884194,64.59188601,5.076955934,Ang Thong,0
2565,15,female,77.38333022,69.62863479,7.754695432,Ang Thong,0
2565,16,male,69.79150388,64.56143269,5.230071196,Lopburi,0
2565,16,female,77.78978662,69.81300346,7.976783158,Lopburi,0
2565,17,male,70.07864257,64.89575836,5.182884217,SingBuri,0
2565,17,female,77.77090771,69.92196989,7.848937815,SingBuri,0
2565,19,male,69.49331306,64.41434777,5.078965292,Saraburi,0
2565,19,female,77.7575471,69.85549919,7.902047905,Saraburi,0
2565,20,male,72.25853781,66.71445952,5.544078283,Chonburi,0
2565,20,female,79.48179342,71.04605469,8.435738734,Chonburi,0
2565,21,male,71.0007888,65.72812106,5.272667733,Rayong,0
2565,21,female,78.73316445,70.56562047,8.167543984,Rayong,0
2565,22,male,70.63667634,65.31668968,5.319986654,Chanthaburi,0
2565,22,female,78.70978733,70.50649836,8.203288966,Chanthaburi,0
2565,23,male,70.28474566,65.00009758,5.284648083,Trat,0
2565,23,female,78.53380925,70.33413521,8.199674038,Trat,0
2565,24,male,71.13915003,65.78581748,5.353332546,Chachoengsao,0
2565,24,female,78.55047466,70.33162446,8.218850197,Chachoengsao,0
2565,25,male,69.5813397,64.45431504,5.127024656,Prachinburi,0
2565,25,female,77.96569694,69.96920064,7.996496307,Prachinburi,0
2565,26,male,70.33139512,65.13050636,5.200888766,Nakhon Nayok,0
2565,26,female,78.88956746,70.69546405,8.194103405,Nakhon Nayok,0
2565,27,male,69.0527087,63.9752236,5.077485096,Sa Kaeo,0
2565,27,female,76.91853151,69.15450256,7.764028957,Sa Kaeo,0
2565,70,male,70.15398547,65.01767926,5.136306213,Ratchaburi,0
2565,70,female,78.18017645,70.13478166,8.04539479,Ratchaburi,0
2565,71,male,70.6947504,65.31980935,5.37494104,Kanchanaburi,0
2565,71,female,78.2295374,70.05387568,8.175661719,Kanchanaburi,0
2565,72,male,69.93610098,64.74513711,5.190963864,Suphan Buri,0
2565,72,female,78.01519186,69.9999362,8.015255663,Suphan Buri,0
2565,73,male,71.03813722,65.78919009,5.248947136,Nakhon Pathom,0
2565,73,female,79.13770156,70.8247804,8.312921167,Nakhon Pathom,0
2565,74,male,72.66628294,67.13039863,5.535884309,Samut Sakhon,0
2565,74,female,80.17636307,71.5351564,8.641206673,Samut Sakhon,0
2565,75,male,71.30385108,65.97983632,5.324014761,Samut Songkhram,0
2565,75,female,78.76618066,70.57655872,8.189621936,Samut Songkhram,0
2565,76,male,71.0808971,65.74956653,5.33133057,Phetchaburi,0
2565,76,female,78.52665193,70.33771804,8.188933893,Phetchaburi,0
2565,77,male,71.37800637,65.82502682,5.552979552,Prachuap Khiri Khan,0
2565,77,female,79.09868761,70.66102103,8.437666579,Prachuap Khiri Khan,0
2565,30,male,70.29600962,64.66551372,5.630495903,Nakhon Ratchasima,0
2565,30,female,78.44377171,69.92763978,8.516131932,Nakhon Ratchasima,0
2565,31,male,69.47155208,63.81444208,5.657109994,Buriram,0
2565,31,female,77.75424138,69.27940112,8.474840254,Buriram,0
2565,32,male,69.56148518,63.8186166,5.742868581,Surin,0
2565,32,female,77.58128036,69.06149053,8.519789829,Surin,0
2565,33,male,69.38213791,63.6179482,5.764189719,Sisaket,0
2565,33,female,77.21263881,68.72838634,8.484252469,Sisaket,0
2565,34,male,70.2664033,64.39968565,5.866717658,Ubon Ratchathani,0
2565,34,female,77.54849071,68.99562132,8.552869386,Ubon Ratchathani,0
2565,35,male,67.92831403,62.48779315,5.440520876,Yasothon,0
2565,35,female,76.71694112,68.36701452,8.349926601,Yasothon,0
2565,36,male,68.53561905,63.06762284,5.467996214,Chaiyaphum,0
2565,36,female,76.50116869,68.34299461,8.158174086,Chaiyaphum,0
2565,37,male,69.68976472,63.86151515,5.828249568,Amnat Charoen,0
2565,37,female,77.18100575,68.66640004,8.514605701,Amnat Charoen,0
2565,38,male,69.05675838,63.3795057,5.677252684,Bueng Kan,0
2565,38,female,76.6713163,68.32523869,8.346077611,Bueng Kan,0
2565,39,male,68.81278326,63.14763632,5.665146941,Nong Bua Lamphu,0
2565,39,female,76.85226744,68.45972974,8.392537693,Nong Bua Lamphu,0
2565,40,male,69.65717851,63.91947363,5.737704881,Khon Kaen,0
2565,40,female,77.99282246,69.39788537,8.594937091,Khon Kaen,0
2565,41,male,68.930133,63.29706679,5.633066214,Udon Thani,0
2565,41,female,77.29842051,68.81874696,8.479673556,Udon Thani,0
2565,42,male,69.63692826,63.87899231,5.757935946,Loei,0
2565,42,female,77.23745281,68.83316118,8.404291627,Loei,0
2565,43,male,70.17558122,64.21321795,5.962363269,Nong Khai,0
2565,43,female,78.0444505,69.26543776,8.77901274,Nong Khai,0
2565,44,male,68.97169511,63.3482421,5.623453006,Maha Sarakham,0
2565,44,female,76.91266547,68.54967043,8.362995047,Maha Sarakham,0
2565,45,male,68.73589889,63.13304081,5.602858079,Roi Et,0
2565,45,female,77.33606693,68.85122785,8.484839082,Roi Et,0
2565,46,male,68.11652065,62.64917435,5.467346301,Kalasin,0
2565,46,female,76.7589807,68.43740516,8.321575542,Kalasin,0
2565,47,male,69.2968632,63.59672006,5.700143136,Sakon Nakhon,0
2565,47,female,76.93361295,68.4996809,8.43393204,Sakon Nakhon,0
2565,48,male,68.9489996,63.30529498,5.643704619,Nakhon Phanom,0
2565,48,female,76.4448082,68.15600439,8.288803806,Nakhon Phanom,0
2565,49,male,70.13230422,64.2334515,5.898852717,Mukdahan,0
2565,49,female,77.67679445,69.03358886,8.643205593,Mukdahan,0
2565,18,male,69.31175776,63.96221643,5.349541326,Chai Nat,0
2565,18,female,77.35777284,69.24420681,8.113566032,Chai Nat,0
2565,50,male,70.15815223,64.48868776,5.669464478,Chiang Mai,0
2565,50,female,79.00460268,70.26929098,8.735311697,Chiang Mai,0
2565,51,male,69.03506386,63.59188735,5.443176507,Lamphun,0
2565,51,female,77.65625714,69.33923628,8.317020858,Lamphun,0
2565,52,male,69.33919486,63.84063237,5.498562494,Lampang,0
2565,52,female,77.85818654,69.45515243,8.40303411,Lampang,0
2565,53,male,69.70021883,64.13933591,5.560882921,Uttaradit,0
2565,53,female,77.47972793,69.15141403,8.328313905,Uttaradit,0
2565,54,male,68.62603586,63.27137461,5.354661252,Phrae,0
2565,54,female,77.17814353,68.97122552,8.206918013,Phrae,0
2565,55,male,71.04358486,65.17372722,5.86985764,Nan,0
2565,55,female,78.46115403,69.87454132,8.586612704,Nan,0
2565,56,male,69.3322302,63.82387828,5.50835192,Phayao,0
2565,56,female,77.21760335,69.02962776,8.187975587,Phayao,0
2565,57,male,70.44636285,64.66174041,5.784622435,Chiang Rai,0
2565,57,female,78.50806538,69.91029668,8.5977687,Chiang Rai,0
2565,58,male,71.14834952,65.1948893,5.953460221,Mae Hong Son,0
2565,58,female,78.71548677,69.92365649,8.791830282,Mae Hong Son,0
2565,60,male,69.69013617,64.20059954,5.489536633,Nakhon Sawan,0
2565,60,female,78.02143498,69.64394618,8.3774888,Nakhon Sawan,0
2565,61,male,69.65064197,64.21011201,5.440529963,Uthai Thani,0
2565,61,female,77.8094334,69.50330552,8.306127879,Uthai Thani,0
2565,62,male,69.11046829,63.68842252,5.422045777,Kamphaeng Phet,0
2565,62,female,77.1081059,68.912929,8.195176908,Kamphaeng Phet,0
2565,63,male,69.8044641,64.20674661,5.597717489,Tak,0
2565,63,female,77.21121091,68.9364479,8.274763002,Tak,0
2565,64,male,69.15249094,63.69343292,5.459058023,Sukhothai,0
2565,64,female,77.3494436,69.10626208,8.243181521,Sukhothai,0
2565,65,male,70.54303063,64.79611572,5.746914907,Phitsanulok,0
2565,65,female,78.16174796,69.64436078,8.517387176,Phitsanulok,0
2565,66,male,69.6753063,64.10221558,5.573090719,Phichit,0
2565,66,female,77.64968505,69.28918296,8.360502083,Phichit,0
2565,67,male,68.77729091,63.39145847,5.385832449,Phetchabun,0
2565,67,female,77.53065437,69.21602906,8.314625307,Phetchabun,0
2565,80,male,71.31051447,65.51784231,5.792672156,Nakhon Si Thammarat,0
2565,80,female,79.29526566,70.5686145,8.726651156,Nakhon Si Thammarat,0
2565,81,male,70.82802557,65.12465081,5.703374754,Krabi,0
2565,81,female,77.8419454,69.53478073,8.307164662,Krabi,0
2565,82,male,71.39011957,65.59698494,5.793134632,Phang Nga,0
2565,82,female,78.67207922,70.15694605,8.515133163,Phang Nga,0
2565,83,male,72.65733815,66.64866267,6.008675481,Phuket,0
2565,83,female,79.41616962,70.74995316,8.666216454,Phuket,0
2565,84,male,72.25941176,66.29721007,5.962201683,Surat Thani,0
2565,84,female,79.69002793,70.87619052,8.813837405,Surat Thani,0
2565,85,male,70.72456188,64.98085047,5.743711405,Ranong,0
2565,85,female,78.65721293,70.08553379,8.571679146,Ranong,0
2565,86,male,71.1597285,65.45850299,5.701225511,Chumphon,0
2565,86,female,79.25379373,70.55328788,8.700505851,Chumphon,0
2565,90,male,71.68022849,65.82511125,5.855117234,Songkhla,0
2565,90,female,79.42410453,70.70573526,8.718369278,Songkhla,0
2565,91,male,71.06170848,65.32797513,5.733733348,Satun,0
2565,91,female,77.78746406,69.54354697,8.243917091,Satun,0
2565,92,male,71.83147583,65.98986152,5.841614306,Trang,0
2565,92,female,79.06747749,70.42655075,8.640926741,Trang,0
2565,93,male,71.0266985,65.29095371,5.735744793,Phatthalung,0
2565,93,female,79.72211013,70.90271599,8.819394135,Phatthalung,0
2565,94,male,69.56286061,64.04603098,5.51682963,Pattani,0
2565,94,female,76.75991728,68.66106946,8.098847822,Pattani,0
2565,95,male,70.9174369,65.12565356,5.791783338,Yala,0
2565,95,female,78.16421914,69.69596511,8.468254031,Yala,0
2565,96,male,69.8622547,64.26405558,5.598199128,Narathiwat,0
2565,96,female,76.71079667,68.59787726,8.112919407,Narathiwat,0
2565,10,male,21.43212436,17.06590282,4.366221545,Bangkok,60
2565,10,female,25.36470055,18.39565898,6.969041572,Bangkok,60
2565,11,male,19.89021202,15.89086659,3.999345426,Samut Prakan,60
2565,11,female,23.52010802,17.16324455,6.356863467,Samut Prakan,60
2565,12,male,22.05200112,17.42182535,4.630175769,Nonthaburi,60
2565,12,female,24.32070842,17.65436214,6.666346277,Nonthaburi,60
2565,13,male,19.85806161,15.82199514,4.036066473,Pathum Thani,60
2565,13,female,23.36448506,17.01493352,6.349551544,Pathum Thani,60
2565,14,male,19.29870576,15.37669736,3.9220084,Ayutthaya,60
2565,14,female,22.94077722,16.72036197,6.220415245,Ayutthaya,60
2565,15,male,18.56816121,14.8375434,3.73061781,Ang Thong,60
2565,15,female,22.16484308,16.23055167,5.934291409,Ang Thong,60
2565,16,male,19.01902666,15.10606868,3.912957975,Lopburi,60
2565,16,female,22.33219296,16.33058528,6.001607681,Lopburi,60
2565,17,male,18.87050272,15.05193817,3.818564548,SingBuri,60
2565,17,female,22.28848598,16.33625785,5.952228131,SingBuri,60
2565,19,male,18.63817644,14.85216995,3.786006494,Saraburi,60
2565,19,female,22.39359101,16.37411568,6.019475328,Saraburi,60
2565,20,male,19.78270689,15.73186654,4.050840349,Chonburi,60
2565,20,female,23.58489753,17.14050707,6.444390458,Chonburi,60
2565,21,male,18.76115991,14.9827094,3.778450509,Rayong,60
2565,21,female,23.15620113,16.86994519,6.286255943,Rayong,60
2565,22,male,19.41344708,15.44433667,3.96911041,Chanthaburi,60
2565,22,female,23.14060074,16.85412907,6.286471668,Chanthaburi,60
2565,23,male,19.25260619,15.31506498,3.937541207,Trat,60
2565,23,female,23.2405847,16.91219066,6.328394036,Trat,60
2565,24,male,19.19781529,15.28232648,3.915488813,Chachoengsao,60
2565,24,female,23.17924167,16.86975615,6.30948552,Chachoengsao,60
2565,25,male,18.9180114,15.05922611,3.858785292,Prachinburi,60
2565,25,female,22.58097218,16.48440085,6.09657133,Prachinburi,60
2565,26,male,19.23290852,15.32345922,3.909449309,Nakhon Nayok,60
2565,26,female,23.07142927,16.80541966,6.266009609,Nakhon Nayok,60
2565,27,male,18.53983356,14.74908525,3.790748309,Sa Kaeo,60
2565,27,female,21.94499447,16.05173038,5.89326409,Sa Kaeo,60
2565,70,male,18.68270829,14.92913184,3.753576446,Ratchaburi,60
2565,70,female,22.76897668,16.62504762,6.14392906,Ratchaburi,60
2565,71,male,19.17982439,15.22968064,3.950143758,Kanchanaburi,60
2565,71,female,22.90951829,16.72823587,6.181282419,Kanchanaburi,60
2565,72,male,18.71874687,14.91624736,3.802499507,Suphan Buri,60
2565,72,female,22.53164023,16.48182395,6.049816281,Suphan Buri,60
2565,73,male,18.95895494,15.14887232,3.810082625,Nakhon Pathom,60
2565,73,female,23.34030273,17.0113318,6.328970929,Nakhon Pathom,60
2565,74,male,19.99904118,15.94788869,4.051152491,Samut Sakhon,60
2565,74,female,23.94877547,17.38512266,6.56365281,Samut Sakhon,60
2565,75,male,19.27865374,15.4007318,3.877921944,Samut Songkhram,60
2565,75,female,23.41125694,17.03801947,6.373237468,Samut Songkhram,60
2565,76,male,19.26522957,15.37511538,3.89011419,Phetchaburi,60
2565,76,female,23.20727888,16.9178533,6.289425577,Phetchaburi,60
2565,77,male,20.06404684,15.93609544,4.127951396,Prachuap Khiri Khan,60
2565,77,female,23.72561099,17.26390017,6.461710816,Prachuap Khiri Khan,60
2565,30,male,19.13878415,14.93096755,4.207816593,Nakhon Ratchasima,60
2565,30,female,22.65351005,16.49552043,6.157989623,Nakhon Ratchasima,60
2565,31,male,19.12502904,14.79219943,4.332829604,Buriram,60
2565,31,female,22.14262459,16.13375849,6.008866096,Buriram,60
2565,32,male,19.17573338,14.76752614,4.408207247,Surin,60
2565,32,female,22.14389054,16.12263028,6.021260262,Surin,60
2565,33,male,18.90543773,14.53085636,4.374581368,Sisaket,60
2565,33,female,21.89212334,15.93800033,5.954123007,Sisaket,60
2565,34,male,18.76172654,14.44015092,4.321575624,Ubon Ratchathani,60
2565,34,female,21.98098284,16.00951068,5.971472162,Ubon Ratchathani,60
2565,35,male,17.77978715,13.70178088,4.078006264,Yasothon,60
2565,35,female,21.2495024,15.51631877,5.733183633,Yasothon,60
2565,36,male,18.46307252,14.33700354,4.126068978,Chaiyaphum,60
2565,36,female,21.36168999,15.64772814,5.713961854,Chaiyaphum,60
2565,37,male,18.68266342,14.32557028,4.357093144,Amnat Charoen,60
2565,37,female,21.65484476,15.77131044,5.883534314,Amnat Charoen,60
2565,38,male,18.32646474,14.10759489,4.218869857,Bueng Kan,60
2565,38,female,21.29336788,15.54514581,5.748222075,Bueng Kan,60
2565,39,male,18.32871744,14.11250389,4.216213556,Nong Bua Lamphu,60
2565,39,female,21.50340794,15.68862182,5.814786123,Nong Bua Lamphu,60
2565,40,male,18.74075562,14.43003983,4.310715792,Khon Kaen,60
2565,40,female,21.95975666,16.01968576,5.940070903,Khon Kaen,60
2565,41,male,18.24741508,14.05796633,4.189448758,Udon Thani,60
2565,41,female,21.60914368,15.76305716,5.84608652,Udon Thani,60
2565,42,male,18.81818576,14.55324268,4.264943076,Loei,60
2565,42,female,21.64276897,15.83191144,5.810857532,Loei,60
2565,43,male,19.41749785,14.85852533,4.558972526,Nong Khai,60
2565,43,female,22.49969164,16.32093453,6.178757109,Nong Khai,60
2565,44,male,18.31691732,14.10775211,4.209165211,Maha Sarakham,60
2565,44,female,21.39015855,15.6278436,5.76231495,Maha Sarakham,60
2565,45,male,18.320235,14.10018035,4.220054647,Roi Et,60
2565,45,female,21.57924034,15.74499233,5.834248008,Roi Et,60
2565,46,male,17.9316076,13.82337155,4.108236048,Kalasin,60
2565,46,female,21.2003736,15.49601289,5.704360706,Kalasin,60
2565,47,male,18.15021708,13.97232857,4.177888513,Sakon Nakhon,60
2565,47,female,21.52287132,15.68742751,5.83544381,Sakon Nakhon,60
2565,48,male,18.14329191,13.96504465,4.178247265,Nakhon Phanom,60
2565,48,female,21.14207972,15.436763,5.705316716,Nakhon Phanom,60
2565,49,male,18.7210933,14.36663519,4.354458115,Mukdahan,60
2565,49,female,22.04301529,16.04140496,6.001610336,Mukdahan,60
2565,18,male,18.53164568,14.6695927,3.862052978,Chai Nat,60
2565,18,female,22.09391112,16.25466243,5.839248693,Chai Nat,60
2565,50,male,18.94673635,14.87271829,4.074018056,Chiang Mai,60
2565,50,female,22.92131599,16.85733605,6.063979943,Chiang Mai,60
2565,51,male,18.4250164,14.5197091,3.905307296,Lamphun,60
2565,51,female,21.76444636,16.10366,5.660786359,Lamphun,60
2565,52,male,18.48328797,14.54972253,3.933565433,Lampang,60
2565,52,female,22.08651847,16.30835748,5.778160989,Lampang,60
2565,53,male,18.46750804,14.50888737,3.958620676,Uttaradit,60
2565,53,female,21.89490297,16.15578392,5.739119055,Uttaradit,60
2565,54,male,17.91897431,14.13453762,3.784436683,Phrae,60
2565,54,female,21.43114157,15.86326704,5.567874521,Phrae,60
2565,55,male,19.40407735,15.21110241,4.192974943,Nan,60
2565,55,female,22.45763391,16.5458379,5.911796006,Nan,60
2565,56,male,18.44153272,14.52269285,3.91883987,Phayao,60
2565,56,female,21.32323293,15.81259477,5.510638159,Phayao,60
2565,57,male,19.44403995,15.22427438,4.219765573,Chiang Rai,60
2565,57,female,22.52336356,16.58477851,5.938585058,Chiang Rai,60
2565,58,male,19.79027615,15.44388601,4.346390137,Mae Hong Son,60
2565,58,female,23.49732425,17.19863032,6.298693933,Mae Hong Son,60
2565,60,male,18.98652513,14.9457896,4.040735537,Nakhon Sawan,60
2565,60,female,22.60061215,16.57859578,6.022016364,Nakhon Sawan,60
2565,61,male,18.90615046,14.92311184,3.983038616,Uthai Thani,60
2565,61,female,22.53645249,16.55247485,5.983977636,Uthai Thani,60
2565,62,male,18.38804073,14.48598539,3.902055336,Kamphaeng Phet,60
2565,62,female,21.81605175,16.08427387,5.731777881,Kamphaeng Phet,60
2565,63,male,18.87620474,14.83606475,4.040139981,Tak,60
2565,63,female,22.12875327,16.27586239,5.852890883,Tak,60
2565,64,male,18.38930442,14.47167382,3.917630595,Sukhothai,60
2565,64,female,21.66813746,16.01606862,5.652068845,Sukhothai,60
2565,65,male,19.2166644,15.04429273,4.172371675,Phitsanulok,60
2565,65,female,22.4984337,16.54280937,5.955624336,Phitsanulok,60
2565,66,male,18.85413492,14.80249618,4.051638735,Phichit,60
2565,66,female,22.21045812,16.35864585,5.851812265,Phichit,60
2565,67,male,18.47773012,14.48439983,3.993330296,Phetchabun,60
2565,67,female,22.17311014,16.25902883,5.914081307,Phetchabun,60
2565,80,male,19.50521429,15.70610281,3.799111487,Nakhon Si Thammarat,60
2565,80,female,23.86919196,17.74448371,6.124708255,Nakhon Si Thammarat,60
2565,81,male,18.88516525,15.25082341,3.634341839,Krabi,60
2565,81,female,22.63955638,16.93436626,5.705190113,Krabi,60
2565,82,male,19.25528815,15.5226194,3.732668751,Phang Nga,60
2565,82,female,23.13359668,17.26011887,5.873477808,Phang Nga,60
2565,83,male,19.71294156,15.87296153,3.83998003,Phuket,60
2565,83,female,23.29953615,17.40317092,5.896365227,Phuket,60
2565,84,male,19.88031847,15.97305022,3.907268248,Surat Thani,60
2565,84,female,23.95354468,17.78323763,6.170307053,Surat Thani,60
2565,85,male,19.55406096,15.70993318,3.844127785,Ranong,60
2565,85,female,23.50437888,17.4585566,6.045822275,Ranong,60
2565,86,male,19.13360665,15.39949475,3.734111904,Chumphon,60
2565,86,female,23.82171874,17.65531505,6.166403694,Chumphon,60
2565,90,male,19.48503866,15.69770587,3.787332786,Songkhla,60
2565,90,female,23.55883405,17.55970409,5.999129965,Songkhla,60
2565,91,male,19.0494432,15.38604112,3.663402082,Satun,60
2565,91,female,22.29923542,16.7207738,5.578461622,Satun,60
2565,92,male,19.24838457,15.53858278,3.70980178,Trang,60
2565,92,female,23.56552458,17.56608429,5.999440294,Trang,60
2565,93,male,19.20924541,15.51018937,3.699056037,Phatthalung,60
2565,93,female,23.94248581,17.82000901,6.122476803,Phatthalung,60
2565,94,male,18.29680938,14.76340552,3.533403863,Pattani,60
2565,94,female,22.186793,16.58569052,5.601102484,Pattani,60
2565,95,male,19.33326791,15.52826194,3.805005964,Yala,60
2565,95,female,23.06967912,17.18440463,5.885274491,Yala,60
2565,96,male,18.87408245,15.20534147,3.668740979,Narathiwat,60
2565,96,female,22.2471139,16.62374376,5.623370148,Narathiwat,60
